timestamp,elapsed_ms,acc_x,acc_y,acc_z,acc_magnitude,gyro_x,gyro_y,gyro_z,gyro_magnitude
1756077394161,14,-1.784877,8.465299,4.630985,9.812904,0.002796,0.015979,-0.006791,0.017586
1756077394163,16,-1.832761,8.508394,4.540005,9.816488,0.002796,0.015979,-0.006791,0.017586
1756077394164,17,-1.856703,8.527548,4.587889,9.859775,0.002796,0.015979,-0.006791,0.017586
1756077394165,18,-1.914164,8.465299,4.477756,9.766043,0.002796,0.015979,-0.006791,0.017586
1756077394166,19,-1.847127,8.436568,4.391564,9.688828,0.002796,0.015979,-0.006791,0.017586
1756077394167,20,-1.813608,8.465299,4.396353,9.709705,0.002796,0.015979,-0.006791,0.017586
1756077394168,21,-1.722628,8.417415,4.501698,9.699773,0.002796,0.015979,-0.006791,0.017586
1756077394207,60,-1.722628,8.417415,4.501698,9.699773,-0.035021,-0.047937,0.009055,0.060053
1756077394270,123,-1.756147,8.450933,4.549582,9.757101,-0.035021,-0.047937,0.009055,0.060053
1756077394272,125,-1.823185,8.450933,4.544794,9.767160,-0.035021,-0.047937,0.009055,0.060053
1756077394277,130,-1.847127,8.460510,4.602254,9.806776,-0.035021,-0.047937,0.009055,0.060053
1756077394281,134,-1.875857,8.436568,4.635773,9.807391,-0.035021,-0.047937,0.009055,0.060053
1756077394284,137,-1.770512,8.470087,4.654927,9.825753,-0.035021,-0.047937,0.009055,0.060053
1756077394287,140,-1.775301,8.460510,4.654927,9.818364,-0.035021,-0.047937,0.009055,0.060053
1756077394289,142,-1.775301,8.460510,4.654927,9.818364,-0.028762,-0.026765,0.001598,0.039321
1756077394308,161,-1.775301,8.460510,4.654927,9.818364,-0.005060,-0.010653,0.008788,0.014708
1756077394370,223,-1.871069,8.436568,4.621408,9.799694,-0.005060,-0.010653,0.008788,0.014708
1756077394373,226,-1.765724,8.465299,4.525640,9.760147,-0.005060,-0.010653,0.008788,0.014708
1756077394377,230,-1.775301,8.436568,4.468179,9.710406,-0.005060,-0.010653,0.008788,0.014708
1756077394379,232,-1.799243,8.431780,4.458602,9.706251,-0.005060,-0.010653,0.008788,0.014708
1756077394383,236,-1.746570,8.446145,4.516063,9.735641,-0.005060,-0.010653,0.008788,0.014708
1756077394406,259,-1.746570,8.446145,4.516063,9.735641,-0.017311,-0.023303,0.012117,0.031456
1756077394408,261,-1.732205,8.426991,4.563947,9.738806,-0.017311,-0.023303,0.012117,0.031456
1756077394411,264,-1.736993,8.436568,4.616620,9.772717,-0.017311,-0.023303,0.012117,0.031456
1756077394472,325,-1.736993,8.436568,4.616620,9.772717,-0.037817,-0.033822,0.003995,0.050892
1756077394527,380,-1.756147,8.474875,4.698022,9.847791,-0.037817,-0.033822,0.003995,0.050892
1756077394529,382,-1.770512,8.412626,4.774637,9.833827,-0.037817,-0.033822,0.003995,0.050892
1756077394532,385,-1.765724,8.446145,4.702811,9.827084,-0.037817,-0.033822,0.003995,0.050892
1756077394534,387,-1.827973,8.441357,4.626196,9.797942,-0.037817,-0.033822,0.003995,0.050892
1756077394536,389,-1.770512,8.426991,4.607043,9.765948,-0.037817,-0.033822,0.003995,0.050892
1756077394539,392,-1.713051,8.441357,4.635773,9.781689,-0.037817,-0.033822,0.003995,0.050892
1756077394541,394,-1.713051,8.441357,4.635773,9.781689,0.001598,-0.000799,0.001997,0.002680
1756077394591,444,-1.713051,8.441357,4.635773,9.781689,0.007191,0.000266,-0.000000,0.007195
1756077394651,504,-1.713051,8.441357,4.635773,9.781689,-0.023169,-0.009721,0.001198,0.025155
1756077394654,507,-1.760935,8.379107,4.573524,9.707083,-0.023169,-0.009721,0.001198,0.025155
1756077394657,510,-1.799243,8.422203,4.516063,9.724484,-0.023169,-0.009721,0.001198,0.025155
1756077394660,513,-1.789666,8.426991,4.540005,9.738005,-0.023169,-0.009721,0.001198,0.025155
1756077394663,516,-1.780089,8.379107,4.563947,9.706069,-0.023169,-0.009721,0.001198,0.025155
1756077394666,519,-1.789666,8.374319,4.592678,9.717243,-0.023169,-0.009721,0.001198,0.025155
1756077394669,522,-1.760935,8.316858,4.611831,9.671609,-0.023169,-0.009721,0.001198,0.025155
1756077394711,564,-1.760935,8.316858,4.611831,9.671609,-0.091480,-0.050467,0.010253,0.104979
1756077394773,626,-1.760935,8.316858,4.611831,9.671609,-0.362456,-0.057258,0.070574,0.373676
1756077394776,629,-1.813608,8.240244,4.578312,9.599570,-0.362456,-0.057258,0.070574,0.373676
1756077394779,632,-1.990779,8.201937,4.549582,9.588204,-0.362456,-0.057258,0.070574,0.373676
1756077394782,635,-2.053028,8.369531,4.554370,9.747115,-0.362456,-0.057258,0.070574,0.373676
1756077394785,638,-1.942895,8.201937,4.597466,9.601213,-0.362456,-0.057258,0.070574,0.373676
1756077394787,640,-1.875857,8.139688,4.865616,9.666829,-0.362456,-0.057258,0.070574,0.373676
1756077394790,643,-1.918953,8.106169,5.133767,9.785086,-0.362456,-0.057258,0.070574,0.373676
1756077394893,746,-1.995567,7.919421,5.234324,9.700395,-0.362456,-0.057258,0.070574,0.373676
1756077394896,749,-2.057816,7.775769,5.200805,9.578390,-0.362456,-0.057258,0.070574,0.373676
1756077394900,753,-2.076970,7.636905,5.186440,9.462308,-0.362456,-0.057258,0.070574,0.373676
1756077394903,756,-2.220622,7.426215,5.100248,9.278598,-0.362456,-0.057258,0.070574,0.373676
1756077394906,759,-2.364274,7.378331,5.061941,9.254881,-0.362456,-0.057258,0.070574,0.373676
1756077394909,762,-2.167950,7.459734,5.023633,9.251191,-0.362456,-0.057258,0.070574,0.373676
1756077394911,764,-2.167950,7.459734,5.023633,9.251191,-0.266582,0.049535,0.080028,0.282709
1756077394952,805,-2.167950,7.459734,5.023633,9.251191,-0.229032,0.132625,0.168977,0.314004
1756077395014,867,-2.014721,7.440580,5.042788,9.211463,-0.229032,0.132625,0.168977,0.314004
1756077395018,871,-2.134431,7.431004,5.148132,9.288642,-0.229032,0.132625,0.168977,0.314004
1756077395021,874,-2.311602,7.359178,5.344457,9.384254,-0.229032,0.132625,0.168977,0.314004
1756077395024,877,-2.258929,7.344812,5.445013,9.417919,-0.229032,0.132625,0.168977,0.314004
1756077395028,881,-1.871069,7.478888,5.550358,9.499534,-0.229032,0.132625,0.168977,0.314004
1756077395031,884,-1.540669,7.521983,5.636549,9.524945,-0.229032,0.132625,0.168977,0.314004
1756077395034,887,-1.540669,7.521983,5.636549,9.524945,-0.472444,0.160988,0.269911,0.567427
1756077395073,926,-1.540669,7.521983,5.636549,9.524945,-0.644218,0.188552,0.436225,0.800538
1756077395134,987,-1.401805,7.440580,5.574300,9.402134,-0.644218,0.188552,0.436225,0.800538
1756077395137,990,-1.420959,7.483676,5.784990,9.565074,-0.644218,0.188552,0.436225,0.800538
1756077395140,993,-1.076194,7.967305,5.909488,9.977885,-0.644218,0.188552,0.436225,0.800538
1756077395143,996,-0.573411,8.120534,6.110601,10.178965,-0.644218,0.188552,0.436225,0.800538
1756077395146,999,-0.377087,7.991247,6.752247,10.468766,-0.644218,0.188552,0.436225,0.800538
1756077395149,1002,-0.257377,8.599374,6.771401,10.948395,-0.644218,0.188552,0.436225,0.800538
1756077395153,1006,-0.257377,8.599374,6.771401,10.948395,-0.659798,0.037950,0.500274,0.828883
1756077395193,1046,-0.257377,8.599374,6.771401,10.948395,-0.164983,0.012384,0.402803,0.435457
1756077395256,1109,-0.152032,9.063849,6.579865,11.201388,-0.164983,0.012384,0.402803,0.435457
1756077395259,1112,0.039504,9.154829,6.618172,11.296577,-0.164983,0.012384,0.402803,0.435457
1756077395263,1116,0.221464,9.312846,6.848015,11.561724,-0.164983,0.012384,0.402803,0.435457
1756077395266,1119,0.111330,9.226655,6.905476,11.525153,-0.164983,0.012384,0.402803,0.435457
1756077395269,1122,-0.065841,8.915408,6.642114,11.117847,-0.164983,0.012384,0.402803,0.435457
1756077395272,1125,-0.075417,8.915408,6.436213,10.996137,-0.164983,0.012384,0.402803,0.435457
1756077395275,1128,-0.075417,8.915408,6.436213,10.996137,0.296676,0.032091,0.061386,0.304655
1756077395314,1167,-0.075417,8.915408,6.436213,10.996137,0.545948,0.110921,-0.199071,0.591601
1756077395375,1228,-0.123301,8.834005,6.326079,10.866192,0.545948,0.110921,-0.199071,0.591601
1756077395379,1232,-0.568623,8.857947,6.311714,10.891479,0.545948,0.110921,-0.199071,0.591601
1756077395382,1235,-1.100136,8.915408,6.441001,11.053565,0.545948,0.110921,-0.199071,0.591601
1756077395385,1238,-1.334767,9.217078,6.699575,11.472595,0.545948,0.110921,-0.199071,0.591601
1756077395389,1242,-1.286883,9.437345,7.044340,11.846614,0.545948,0.110921,-0.199071,0.591601
1756077395392,1245,-1.229423,9.351153,7.068282,11.786270,0.545948,0.110921,-0.199071,0.591601
1756077395395,1248,-1.229423,9.351153,7.068282,11.786270,0.691223,0.099602,-0.269112,0.748419
1756077395407,1260,-1.339556,9.226655,6.632537,11.441858,0.691223,0.099602,-0.269112,0.748419
1756077395463,1316,-1.339556,9.226655,6.632537,11.441858,1.100551,0.226102,-0.283094,1.158653
1756077395521,1374,-1.339556,9.226655,6.632537,11.441858,1.152882,0.261922,-0.353534,1.233988
1756077395532,1385,-1.588553,9.365519,6.029199,11.251119,1.152882,0.261922,-0.353534,1.233988
1756077395538,1391,-1.368286,9.178771,5.756259,10.920465,1.152882,0.261922,-0.353534,1.233988
1756077395545,1398,-1.401805,8.881889,5.354033,10.465117,1.152882,0.261922,-0.353534,1.233988
1756077395552,1405,-1.789666,9.154829,4.669292,10.431495,1.152882,0.261922,-0.353534,1.233988
1756077395556,1409,-1.933318,9.480440,4.070742,10.497019,1.152882,0.261922,-0.353534,1.233988
1756077395559,1412,-1.736993,9.332000,3.721188,10.195617,1.152882,0.261922,-0.353534,1.233988
1756077395575,1428,-1.736993,9.332000,3.721188,10.195617,0.920787,0.046872,-0.330099,0.979291
1756077395643,1496,-1.598130,9.341577,3.826533,10.220637,0.920787,0.046872,-0.330099,0.979291
1756077395653,1506,-1.310825,9.020754,3.874417,9.904715,0.920787,0.046872,-0.330099,0.979291
1756077395662,1515,-1.631648,8.819640,3.697246,9.701441,0.920787,0.046872,-0.330099,0.979291
1756077395677,1530,-2.254141,8.709507,3.386000,9.612578,0.920787,0.046872,-0.330099,0.979291
1756077395685,1538,-2.594118,8.781333,3.089119,9.663535,0.920787,0.046872,-0.330099,0.979291
1756077395693,1546,-2.249352,8.029554,3.314174,8.973130,0.920787,0.046872,-0.330099,0.979291
1756077395699,1552,-2.249352,8.029554,3.314174,8.973130,1.157009,-0.162852,-0.254864,1.195888
1756077395758,1611,-1.981202,7.885902,2.935890,8.644771,1.157009,-0.162852,-0.254864,1.195888
1756077395762,1615,-1.679533,6.904279,2.327763,7.477191,1.157009,-0.162852,-0.254864,1.195888
1756077395765,1618,-1.990779,5.994483,0.958279,6.388687,1.157009,-0.162852,-0.254864,1.195888
1756077395768,1621,-4.519056,7.028778,-0.957082,8.410802,1.157009,-0.162852,-0.254864,1.195888
1756077395771,1624,-2.981978,8.024766,1.647809,8.718047,1.157009,-0.162852,-0.254864,1.195888
1756077395774,1627,-1.286883,8.297705,1.145027,8.474613,1.157009,-0.162852,-0.254864,1.195888
1756077395778,1631,-1.286883,8.297705,1.145027,8.474613,1.292697,-0.287888,-0.116247,1.329458
1756077395817,1670,-1.286883,8.297705,1.145027,8.474613,0.395080,0.185090,0.495214,0.659987
1756077395888,1741,-1.286883,8.297705,1.145027,8.474613,0.349273,0.318913,-0.011052,0.473096
1756077395898,1751,-0.544681,9.150041,1.657386,9.314873,0.349273,0.318913,-0.011052,0.473096
1756077395912,1765,-0.525527,9.375095,1.566406,9.519570,0.349273,0.318913,-0.011052,0.473096
1756077395916,1769,-0.846350,9.178771,1.432331,9.328329,0.349273,0.318913,-0.011052,0.473096
1756077395920,1773,-0.784101,8.680777,0.896030,8.762053,0.349273,0.318913,-0.011052,0.473096
1756077395922,1775,-0.851139,7.804499,0.575207,7.871817,0.349273,0.318913,-0.011052,0.473096
1756077395926,1779,-1.622072,6.693589,0.455497,6.902371,0.349273,0.318913,-0.011052,0.473096
1756077395928,1781,-2.364274,5.587468,0.345364,6.076913,0.349273,0.318913,-0.011052,0.473096
1756077395959,1812,-2.364274,5.587468,0.345364,6.076913,0.210789,0.426904,-0.298407,0.561895
1756077396020,1873,-2.814384,4.739921,0.259172,5.518585,0.210789,0.426904,-0.298407,0.561895
1756077396023,1876,-3.101688,4.543596,0.402824,5.516068,0.210789,0.426904,-0.298407,0.561895
1756077396026,1879,-2.752135,4.581903,0.541688,5.372291,0.210789,0.426904,-0.298407,0.561895
1756077396028,1881,-2.804807,4.543596,0.479439,5.361070,0.210789,0.426904,-0.298407,0.561895
1756077396031,1884,-3.159149,4.869208,0.771532,5.855311,0.210789,0.426904,-0.298407,0.561895
1756077396034,1887,-2.895787,5.946599,1.240795,6.729576,0.210789,0.426904,-0.298407,0.561895
1756077396037,1890,-2.895787,5.946599,1.240795,6.729576,-0.318913,0.337955,0.265251,0.535049
1756077396077,1930,-2.895787,5.946599,1.240795,6.729576,-0.848216,0.099868,1.139166,1.423778
1756077396137,1990,-1.545457,7.114969,1.365294,7.407783,-0.848216,0.099868,1.139166,1.423778
1756077396140,1993,-0.104148,8.096592,1.240795,8.191778,-0.848216,0.099868,1.139166,1.423778
1756077396143,1996,0.480037,8.733449,1.470638,8.869406,-0.848216,0.099868,1.139166,1.423778
1756077396146,1999,0.413000,9.193136,2.169745,9.454741,-0.848216,0.099868,1.139166,1.423778
1756077396148,2001,1.001973,9.446921,2.696470,9.875182,-0.848216,0.099868,1.139166,1.423778
1756077396150,2003,1.576582,10.251373,3.558382,10.965325,-0.848216,0.099868,1.139166,1.423778
1756077396151,2004,1.576582,10.251373,3.558382,10.965325,-1.349423,0.098137,1.448625,1.982193
1756077396196,2049,1.576582,10.251373,3.558382,10.965325,-1.501755,-0.097205,1.140764,1.888402
1756077396260,2113,1.748964,11.458051,4.879982,12.576169,-1.501755,-0.097205,1.140764,1.888402
1756077396263,2116,2.213439,12.238561,5.037999,13.418759,-1.501755,-0.097205,1.140764,1.888402
1756077396266,2119,2.692280,12.339117,4.472967,13.398120,-1.501755,-0.097205,1.140764,1.888402
1756077396271,2124,2.285265,12.205042,4.525640,13.216161,-1.501755,-0.097205,1.140764,1.888402
1756077396274,2127,2.084153,12.837111,5.794567,14.237700,-1.501755,-0.097205,1.140764,1.888402
1756077396277,2130,1.811214,13.598467,6.733094,15.281797,-1.501755,-0.097205,1.140764,1.888402
1756077396281,2134,1.811214,13.598467,6.733094,15.281797,-0.972852,-0.173771,0.570981,1.141340
1756077396319,2172,1.811214,13.598467,6.733094,15.281797,-0.706270,-0.263653,-0.004794,0.753892
1756077396379,2232,1.811214,13.598467,6.733094,15.281797,0.885234,0.026498,-0.581368,1.059401
1756077396382,2235,2.529474,16.327858,7.350798,18.084009,0.885234,0.026498,-0.581368,1.059401
1756077396385,2238,3.951630,14.101250,8.025963,16.699602,0.885234,0.026498,-0.581368,1.059401
1756077396389,2242,1.993173,13.531429,8.183980,15.938941,0.885234,0.026498,-0.581368,1.059401
1756077396392,2245,1.648408,12.286445,6.919841,14.197119,0.885234,0.026498,-0.581368,1.059401
1756077396396,2249,1.327585,11.620856,5.933430,13.115349,0.885234,0.026498,-0.581368,1.059401
1756077396399,2252,1.078588,11.496358,5.215170,12.669949,0.885234,0.026498,-0.581368,1.059401
1756077396407,2260,1.083376,11.280880,4.674080,12.258833,0.885234,0.026498,-0.581368,1.059401
1756077396459,2312,1.083376,11.280880,4.674080,12.258833,0.991095,0.074435,-0.882571,1.329188
1756077396519,2372,0.786495,10.883442,4.607043,11.844523,0.991095,0.074435,-0.882571,1.329188
1756077396521,2374,0.432153,10.418967,4.865616,11.507209,0.991095,0.074435,-0.882571,1.329188
1756077396524,2377,-0.032322,10.150817,4.583101,11.137547,0.991095,0.074435,-0.882571,1.329188
1756077396531,2384,-0.008380,10.035895,4.142568,10.857262,0.991095,0.074435,-0.882571,1.329188
1756077396533,2386,0.389058,10.208278,4.013280,10.975733,0.991095,0.074435,-0.882571,1.329188
1756077396534,2387,0.542287,9.791686,4.018069,10.597927,0.991095,0.074435,-0.882571,1.329188
1756077396537,2390,0.542287,9.791686,4.018069,10.597927,0.849548,0.211455,-0.994557,1.324986
1756077396577,2430,0.542287,9.791686,4.018069,10.597927,0.718121,0.304932,-1.308011,1.523014
1756077396640,2493,0.135272,8.968081,3.941455,9.796930,0.718121,0.304932,-1.308011,1.523014
1756077396644,2497,-0.927753,8.245032,3.927089,9.179505,0.718121,0.304932,-1.308011,1.523014
1756077396649,2502,-1.526304,7.359178,3.754707,8.401483,0.718121,0.304932,-1.308011,1.523014
1756077396659,2512,-2.311602,6.454169,3.658939,7.770948,0.718121,0.304932,-1.308011,1.523014
1756077396662,2515,-2.934094,5.970541,3.524863,7.528674,0.718121,0.304932,-1.308011,1.523014
1756077396664,2517,-2.934094,5.970541,3.524863,7.528674,1.027846,0.259658,-0.905208,1.394020
1756077396758,2611,-3.479972,5.472547,2.820968,7.072258,1.027846,0.259658,-0.905208,1.394020
1756077396760,2613,-3.671508,7.435792,1.609502,8.447572,1.027846,0.259658,-0.905208,1.394020
1756077396762,2615,0.111330,9.695918,0.350152,9.702877,1.027846,0.259658,-0.905208,1.394020
1756077396763,2616,-1.181539,9.940127,0.900818,10.050554,1.027846,0.259658,-0.905208,1.394020
1756077396764,2617,-0.559046,9.973646,1.101931,10.049895,1.027846,0.259658,-0.905208,1.394020
1756077396766,2619,-1.171962,8.604162,0.958279,8.736326,1.027846,0.259658,-0.905208,1.394020
1756077396768,2621,-2.910152,7.158064,0.977433,7.788597,1.027846,0.259658,-0.905208,1.394020
1756077396770,2623,-2.910152,7.158064,0.977433,7.788597,0.992959,0.314652,-0.170708,1.055516
1756077396819,2672,-2.910152,7.158064,0.977433,7.788597,0.673380,0.534496,-0.831705,1.196185
1756077396878,2731,-3.087323,6.751050,0.489016,7.439582,0.673380,0.534496,-0.831705,1.196185
1756077396880,2733,-2.565387,6.181230,-0.851737,6.746427,0.673380,0.534496,-0.831705,1.196185
1756077396882,2735,-2.958036,5.395932,-2.120664,6.508708,0.673380,0.534496,-0.831705,1.196185
1756077396884,2737,-3.034651,4.318542,-2.987365,6.064920,0.673380,0.534496,-0.831705,1.196185
1756077396886,2739,-3.479972,3.480571,-3.188478,5.864382,0.673380,0.534496,-0.831705,1.196185
1756077396887,2740,-3.954024,3.059191,-2.637812,5.652522,0.673380,0.534496,-0.831705,1.196185
1756077396889,2742,-3.954024,3.059191,-2.637812,5.652522,1.313736,0.061652,-0.376837,1.368105
1756077396910,2763,-4.270059,3.394379,-2.154183,5.864786,1.313736,0.061652,-0.376837,1.368105
1756077396960,2813,-4.270059,3.394379,-2.154183,5.864786,0.041812,0.109589,0.160588,0.198863
1756077397021,2874,-3.719392,4.275445,-1.689708,5.913411,0.041812,0.109589,0.160588,0.198863
1756077397024,2877,-3.029862,5.443816,-1.009755,6.311482,0.041812,0.109589,0.160588,0.198863
1756077397027,2880,-2.560599,6.827665,-0.152630,7.293625,0.041812,0.109589,0.160588,0.198863
1756077397030,2883,-1.655591,7.747038,0.465074,7.935608,0.041812,0.109589,0.160588,0.198863
1756077397034,2887,-1.765724,7.981670,0.843358,8.218034,0.041812,0.109589,0.160588,0.198863
1756077397037,2890,-2.191892,8.661623,1.671751,9.089711,0.041812,0.109589,0.160588,0.198863
1756077397040,2893,-2.191892,8.661623,1.671751,9.089711,-0.998818,-0.295611,0.995223,1.440656
1756077397080,2933,-2.191892,8.661623,1.671751,9.089711,-1.572595,-0.085887,1.006275,1.868963
1756077397141,2994,-1.291672,9.662399,2.643797,10.100497,-1.572595,-0.085887,1.006275,1.868963
1756077397145,2998,-0.401029,9.877877,2.926313,10.310024,-1.572595,-0.085887,1.006275,1.868963
1756077397148,3001,-1.200692,9.446921,3.007716,9.986608,-1.572595,-0.085887,1.006275,1.868963
1756077397151,3004,-1.698686,9.648034,3.481768,10.396769,-1.572595,-0.085887,1.006275,1.868963
1756077397154,3007,-0.616507,10.241796,3.644573,10.888406,-1.572595,-0.085887,1.006275,1.868963
1756077397157,3010,0.508768,9.911396,3.333327,10.469274,-1.572595,-0.085887,1.006275,1.868963
1756077397160,3013,0.508768,9.911396,3.333327,10.469274,-1.305614,-0.160722,0.817057,1.548561
1756077397204,3057,0.508768,9.911396,3.333327,10.469274,-1.019724,-0.024767,0.770052,1.278057
1756077397261,3114,0.029928,9.226655,3.232771,9.776649,-1.019724,-0.024767,0.770052,1.278057
1756077397264,3117,-0.784101,8.901043,3.405153,9.562346,-1.019724,-0.024767,0.770052,1.278057
1756077397267,3120,-0.492008,9.513959,3.879205,10.286191,-1.019724,-0.024767,0.770052,1.278057
1756077397270,3123,0.642843,9.997588,4.065953,10.811891,-1.019724,-0.024767,0.770052,1.278057
1756077397273,3126,0.733823,10.040684,4.310162,10.951316,-1.019724,-0.024767,0.770052,1.278057
1756077397275,3128,-0.032322,10.447698,5.124190,11.636699,-1.019724,-0.024767,0.770052,1.278057
1756077397279,3132,-0.032322,10.447698,5.124190,11.636699,-1.176184,-0.089615,0.683633,1.363376
1756077397322,3175,-0.032322,10.447698,5.124190,11.636699,-0.875380,-0.123437,0.581234,1.057999
1756077397383,3236,0.058658,11.170747,5.818509,12.595399,-0.875380,-0.123437,0.581234,1.057999
1756077397387,3240,0.896629,11.544242,5.540781,12.836421,-0.875380,-0.123437,0.581234,1.057999
1756077397390,3243,1.389834,11.568184,5.014057,12.684450,-0.875380,-0.123437,0.581234,1.057999
1756077397393,3246,1.188721,11.510723,5.028422,12.617244,-0.875380,-0.123437,0.581234,1.057999
1756077397396,3249,1.049857,11.654375,5.358822,12.870262,-0.875380,-0.123437,0.581234,1.057999
1756077397399,3252,1.145625,12.008718,5.909488,13.432937,-0.875380,-0.123437,0.581234,1.057999
1756077397401,3254,1.145625,12.008718,5.909488,13.432937,-0.373508,-0.183758,0.299605,0.512873
1756077397408,3261,1.265336,12.252926,6.397905,13.880507,-0.373508,-0.183758,0.299605,0.512873
1756077397462,3315,1.265336,12.252926,6.397905,13.880507,-0.000799,-0.148471,-0.010120,0.148818
1756077397522,3375,1.389834,12.468404,6.757036,14.249571,-0.000799,-0.148471,-0.010120,0.148818
1756077397526,3379,1.538275,12.449250,6.407482,14.085665,-0.000799,-0.148471,-0.010120,0.148818
1756077397529,3382,1.413776,12.176311,5.732317,13.532213,-0.000799,-0.148471,-0.010120,0.148818
1756077397533,3386,1.246182,11.687894,5.128979,12.824439,-0.000799,-0.148471,-0.010120,0.148818
1756077397536,3389,0.925359,11.055825,4.822521,12.097283,-0.000799,-0.148471,-0.010120,0.148818
1756077397539,3392,0.925359,11.055825,4.822521,12.097283,0.766857,-0.025833,-0.432231,0.880659
1756077397583,3436,0.925359,11.055825,4.822521,12.097283,0.780306,0.099868,-0.724246,1.069291
1756077397643,3496,0.480037,10.495582,4.678869,11.501282,0.780306,0.099868,-0.724246,1.069291
1756077397646,3499,0.235829,10.193913,4.630985,11.198996,0.780306,0.099868,-0.724246,1.069291
1756077397649,3502,0.178368,10.150817,4.449025,11.084436,0.780306,0.099868,-0.724246,1.069291
1756077397652,3505,0.312443,9.868300,3.965397,10.639800,0.780306,0.099868,-0.724246,1.069291
1756077397656,3509,-0.290895,9.566631,3.606266,10.227913,0.780306,0.099868,-0.724246,1.069291
1756077397658,3511,-0.367510,9.466075,3.165733,9.988168,0.780306,0.099868,-0.724246,1.069291
1756077397661,3514,-0.367510,9.466075,3.165733,9.988168,0.881373,0.088683,-0.816391,1.204648
1756077397703,3556,-0.367510,9.466075,3.165733,9.988168,0.772183,0.066313,-0.869655,1.164888
1756077397764,3617,-0.295684,9.633669,3.223194,10.162872,0.772183,0.066313,-0.869655,1.164888
1756077397767,3620,-0.357933,9.547478,3.362058,10.128469,0.772183,0.066313,-0.869655,1.164888
1756077397770,3623,-0.831985,9.394249,3.433884,10.036716,0.772183,0.066313,-0.869655,1.164888
1756077397773,3626,-1.483208,8.446145,3.338116,9.202189,0.772183,0.066313,-0.869655,1.164888
1756077397776,3629,-2.737770,7.201160,3.199252,8.341901,0.772183,0.066313,-0.869655,1.164888
1756077397824,3677,-2.273294,8.848371,2.787449,9.551514,0.772183,0.066313,-0.869655,1.164888
1756077397828,3681,0.355539,8.838794,2.107496,9.093527,0.772183,0.066313,-0.869655,1.164888
1756077397831,3684,-1.794454,8.661623,1.810615,9.028959,0.772183,0.066313,-0.869655,1.164888
1756077397834,3687,-1.425747,7.565079,1.475427,7.838370,0.772183,0.066313,-0.869655,1.164888
1756077397837,3690,-2.407370,6.406285,1.250372,6.956964,0.772183,0.066313,-0.869655,1.164888
1756077397839,3692,-2.407370,6.406285,1.250372,6.956964,0.959403,0.143278,-0.468317,1.077174
1756077397884,3737,-2.407370,6.406285,1.250372,6.956964,0.894023,0.101333,-0.518517,1.038463
1756077397908,3761,-2.407370,6.406285,1.250372,6.956964,1.061269,-0.021039,-0.537825,1.189954
1756077397911,3764,-1.966837,6.650494,1.173757,7.033863,1.061269,-0.021039,-0.537825,1.189954
1756077397914,3767,-0.520739,8.297705,1.312621,8.417009,1.061269,-0.021039,-0.537825,1.189954
1756077397917,3770,-1.277307,7.340024,0.297480,7.456270,1.061269,-0.021039,-0.537825,1.189954
1756077397920,3773,-1.895011,6.334459,-0.746392,6.653837,1.061269,-0.021039,-0.537825,1.189954
1756077398027,3880,-2.139219,5.659294,-1.407192,6.211607,1.061269,-0.021039,-0.537825,1.189954
1756077398030,3883,-2.732981,5.151723,-1.493383,6.019937,1.061269,-0.021039,-0.537825,1.189954
1756077398033,3886,-3.479972,5.190031,-1.110311,6.346607,1.061269,-0.021039,-0.537825,1.189954
1756077398035,3888,-3.475184,5.779005,-0.784700,6.788928,1.061269,-0.021039,-0.537825,1.189954
1756077398038,3891,-3.053804,6.487688,-0.751181,7.209722,1.061269,-0.021039,-0.537825,1.189954
1756077398041,3894,-2.962825,7.129334,-0.540491,7.739371,1.061269,-0.021039,-0.537825,1.189954
1756077398044,3897,-2.962825,7.129334,-0.540491,7.739371,0.282961,0.116913,-0.385226,0.492071
1756077398086,3939,-2.962825,7.129334,-0.540491,7.739371,-0.346477,-0.319180,0.300138,0.558574
1756077398149,4002,-2.948459,8.058285,0.105943,8.581409,-0.346477,-0.319180,0.300138,0.558574
1756077398164,4017,-2.369063,9.087791,0.862511,9.431030,-0.346477,-0.319180,0.300138,0.558574
1756077398172,4025,-1.765724,9.576208,1.647809,9.876073,-0.346477,-0.319180,0.300138,0.558574
1756077398178,4031,-1.938106,8.982447,1.786673,9.361239,-0.346477,-0.319180,0.300138,0.558574
1756077398184,4037,-2.555810,8.388684,1.714847,8.935485,-0.346477,-0.319180,0.300138,0.558574
1756077398190,4043,-2.211045,8.671200,1.877653,9.143522,-0.346477,-0.319180,0.300138,0.558574
1756077398195,4048,-2.211045,8.671200,1.877653,9.143522,-0.777909,-0.360192,0.498410,0.991611
1756077398205,4058,-2.211045,8.671200,1.877653,9.143522,-0.691889,-0.188951,0.467917,0.856364
1756077398273,4126,-1.224634,8.781333,2.088342,9.108935,-0.691889,-0.188951,0.467917,0.856364
1756077398284,4137,-1.138443,8.235456,2.203264,8.600764,-0.691889,-0.188951,0.467917,0.856364
1756077398292,4145,-1.909376,7.617751,2.131438,8.137498,-0.691889,-0.188951,0.467917,0.856364
1756077398301,4154,-1.985990,7.833230,2.442684,8.442177,-0.691889,-0.188951,0.467917,0.856364
1756077398308,4161,-1.157596,8.345589,2.993351,8.941422,-0.691889,-0.188951,0.467917,0.856364
1756077398313,4166,-0.712275,8.302493,3.433884,9.012785,-0.691889,-0.188951,0.467917,0.856364
1756077398316,4169,-0.712275,8.302493,3.433884,9.012785,-0.884835,-0.085088,0.483763,1.012027
1756077398326,4179,-0.712275,8.302493,3.433884,9.012785,-1.156610,0.004661,0.575775,1.292008
1756077398389,4242,-1.238999,7.469311,3.481768,8.333572,-1.156610,0.004661,0.575775,1.292008
1756077398392,4245,-1.909376,7.071873,3.261501,8.018385,-1.156610,0.004661,0.575775,1.292008
1756077398395,4248,-1.588553,7.555502,3.362058,8.420959,-1.156610,0.004661,0.575775,1.292008
1756077398398,4251,-0.482432,8.278551,3.668515,9.067809,-1.156610,0.004661,0.575775,1.292008
1756077398401,4254,-0.032322,8.494029,4.070742,9.419157,-1.156610,0.004661,0.575775,1.292008
1756077398405,4258,-0.549469,8.771756,4.420295,9.837917,-1.156610,0.004661,0.575775,1.292008
1756077398407,4260,-0.549469,8.771756,4.420295,9.837917,-1.224387,-0.037417,0.893889,1.516431
1756077398410,4263,-0.702698,9.815628,5.023633,11.048857,-1.224387,-0.037417,0.893889,1.516431
1756077398468,4321,-0.702698,9.815628,5.023633,11.048857,-1.004277,-0.173505,1.077647,1.483240
1756077398528,4381,0.460884,10.897807,5.301361,12.127615,-1.004277,-0.173505,1.077647,1.483240
1756077398531,4384,2.012326,11.505935,5.014057,12.711285,-1.004277,-0.173505,1.077647,1.483240
1756077398534,4387,2.433706,11.405378,4.779425,12.603511,-1.004277,-0.173505,1.077647,1.483240
1756077398537,4390,1.725022,10.744578,4.721964,11.862488,-1.004277,-0.173505,1.077647,1.483240
1756077398540,4393,1.126472,10.672752,5.243900,11.944668,-1.004277,-0.173505,1.077647,1.483240
1756077398544,4397,1.356315,11.630433,6.321291,13.306588,-1.004277,-0.173505,1.077647,1.483240
1756077398547,4400,1.356315,11.630433,6.321291,13.306588,-0.892957,0.009454,0.620782,1.087581
1756077398588,4441,1.356315,11.630433,6.321291,13.306588,-0.772050,-0.153931,0.295744,0.840964
1756077398649,4502,1.969231,12.717401,7.144897,14.719364,-0.772050,-0.153931,0.295744,0.840964
1756077398652,4505,2.337938,13.598467,7.978079,15.938444,-0.772050,-0.153931,0.295744,0.840964
1756077398655,4508,2.371457,14.240113,8.576629,16.791759,-0.772050,-0.153931,0.295744,0.840964
1756077398658,4511,2.309207,14.220960,8.418612,16.686556,-0.772050,-0.153931,0.295744,0.840964
1756077398661,4514,2.213439,13.617620,7.791331,15.844359,-0.772050,-0.153931,0.295744,0.840964
1756077398665,4518,1.768118,12.554595,7.120955,14.541392,-0.772050,-0.153931,0.295744,0.840964
1756077398667,4520,1.768118,12.554595,7.120955,14.541392,0.579104,-0.097338,-0.297608,0.658336
1756077398709,4562,1.768118,12.554595,7.120955,14.541392,1.136903,0.121573,-0.851412,1.425563
1756077398770,4623,1.035492,11.395802,6.804920,13.313282,1.136903,0.121573,-0.851412,1.425563
1756077398773,4626,0.470461,10.208278,5.746683,11.724104,1.136903,0.121573,-0.851412,1.425563
1756077398777,4630,0.293290,9.772532,5.392341,11.165381,1.136903,0.121573,-0.851412,1.425563
1756077398779,4632,-0.089783,9.327211,5.756259,10.960814,1.136903,0.121573,-0.851412,1.425563
1756077398782,4635,-0.290895,9.298481,5.468955,10.791471,1.136903,0.121573,-0.851412,1.425563
1756077398785,4638,0.034716,9.317635,4.798579,10.480739,1.136903,0.121573,-0.851412,1.425563
1756077398835,4688,0.034716,9.317635,4.798579,10.480739,1.109206,0.354999,-0.804940,1.415729
1756077398890,4743,0.034716,9.317635,4.798579,10.480739,1.457680,0.037950,-0.825446,1.675599
1756077398893,4746,-0.008380,8.853159,3.836110,9.648535,1.457680,0.037950,-0.825446,1.675599
1756077398896,4749,-0.310049,8.958505,2.820968,9.397276,1.457680,0.037950,-0.825446,1.675599
1756077398900,4753,-0.003591,8.307281,2.279879,8.614452,1.457680,0.037950,-0.825446,1.675599
1756077398903,4756,-1.229423,7.359178,2.356493,7.824451,1.457680,0.037950,-0.825446,1.675599
1756077398906,4759,-2.780865,7.675212,2.792238,8.627786,1.457680,0.037950,-0.825446,1.675599
1756077398909,4762,-0.932542,7.847595,2.830545,8.394424,1.457680,0.037950,-0.825446,1.675599
1756077398912,4765,-2.685097,8.570643,2.452261,9.310170,1.457680,0.037950,-0.825446,1.675599
1756077398914,4767,-2.685097,8.570643,2.452261,9.310170,0.771251,0.234891,-0.581900,0.994288
1756077399032,4885,-1.473631,7.512406,1.781885,7.860213,0.771251,0.234891,-0.581900,0.994288
1756077399035,4888,-2.053028,7.660847,1.173757,8.017556,0.771251,0.234891,-0.581900,0.994288
1756077399038,4891,-1.013944,9.973646,1.125873,10.088077,0.771251,0.234891,-0.581900,0.994288
1756077399040,4893,0.963666,9.873089,1.049259,9.975344,0.771251,0.234891,-0.581900,0.994288
1756077399044,4897,0.063446,10.146029,0.589572,10.163342,0.771251,0.234891,-0.581900,0.994288
1756077399047,4900,0.480037,9.039907,0.196923,9.054786,0.771251,0.234891,-0.581900,0.994288
1756077399050,4903,0.480037,9.039907,0.196923,9.054786,1.067927,-0.006791,0.039814,1.068690
1756077399091,4944,0.480037,9.039907,0.196923,9.054786,1.023718,-0.084422,-0.364320,1.089888
1756077399152,5005,-0.353145,7.440580,-0.119112,7.449908,1.023718,-0.084422,-0.364320,1.089888
1756077399155,5008,-1.804031,5.913080,-0.210091,6.185724,1.023718,-0.084422,-0.364320,1.089888
1756077399158,5011,-2.742558,5.649717,0.273538,6.286156,1.023718,-0.084422,-0.364320,1.089888
1756077399160,5013,-2.555810,5.362413,0.182558,5.943145,1.023718,-0.084422,-0.364320,1.089888
1756077399163,5016,-2.493561,4.715979,-0.200514,5.338399,1.023718,-0.084422,-0.364320,1.089888
1756077399166,5019,-3.063381,4.198831,-0.660201,5.239308,1.023718,-0.084422,-0.364320,1.089888
1756077399170,5023,-3.063381,4.198831,-0.660201,5.239308,0.586428,-0.149403,-0.749679,0.963451
1756077399212,5065,-3.063381,4.198831,-0.660201,5.239308,0.570981,-0.217713,-0.196009,0.641746
1756077399273,5126,-3.503914,4.150947,-0.899621,5.506096,0.570981,-0.217713,-0.196009,0.641746
1756077399276,5129,-3.254917,4.816535,-0.693720,5.854464,0.570981,-0.217713,-0.196009,0.641746
1756077399279,5132,-2.670732,6.047155,-0.243610,6.615152,0.570981,-0.217713,-0.196009,0.641746
1756077399282,5135,-2.196680,7.411850,0.417190,7.741768,0.570981,-0.217713,-0.196009,0.641746
1756077399285,5138,-2.139219,8.690353,1.140239,9.022120,0.570981,-0.217713,-0.196009,0.641746
1756077399287,5140,-1.741782,9.633669,1.614290,9.922062,0.570981,-0.217713,-0.196009,0.641746
1756077399290,5143,-1.741782,9.633669,1.614290,9.922062,-0.250736,-0.269245,0.512125,0.630583
1756077399329,5182,-1.741782,9.633669,1.614290,9.922062,-0.550874,-0.019175,0.616788,0.827199
1756077399401,5254,-1.191115,9.949704,1.561618,10.141697,-0.550874,-0.019175,0.616788,0.827199
1756077399411,5264,-1.473631,9.657611,1.216853,9.844885,-0.550874,-0.019175,0.616788,0.827199
1756077399417,5270,-1.578976,9.762956,1.106720,9.951548,-0.550874,-0.019175,0.616788,0.827199
1756077399424,5277,-0.688333,10.323199,1.111508,10.405657,-0.550874,-0.019175,0.616788,0.827199
1756077399432,5285,-0.185551,10.342353,1.207276,10.414231,-0.550874,-0.019175,0.616788,0.827199
1756077399436,5289,-0.994791,9.523536,1.264737,9.658514,-0.550874,-0.019175,0.616788,0.827199
1756077399439,5292,-0.994791,9.523536,1.264737,9.658514,-0.423176,0.092811,0.458729,0.630971
1756077399452,5305,-0.994791,9.523536,1.264737,9.658514,-0.592420,0.257261,0.225303,0.684037
1756077399520,5373,-1.942895,8.929773,1.480215,9.257793,-0.592420,0.257261,0.225303,0.684037
1756077399531,5384,-1.377863,9.284116,1.753154,9.548134,-0.592420,0.257261,0.225303,0.684037
1756077399538,5391,-0.286107,9.786898,1.777096,9.951045,-0.592420,0.257261,0.225303,0.684037
1756077399543,5396,-0.070629,9.427768,1.470638,9.542043,-0.592420,0.257261,0.225303,0.684037
1756077399548,5401,-1.157596,8.379107,1.116297,8.532033,-0.592420,0.257261,0.225303,0.684037
1756077399552,5405,-1.157596,8.379107,1.116297,8.532033,-0.559263,0.263253,0.226102,0.658179
1756077399574,5427,-1.157596,8.379107,1.116297,8.532033,-0.797217,0.124902,0.383229,0.893319
1756077399634,5487,-1.808819,8.594585,1.394024,8.892808,-0.797217,0.124902,0.383229,0.893319
1756077399637,5490,-0.750582,9.662399,2.093131,9.914965,-0.797217,0.124902,0.383229,0.893319
1756077399639,5492,0.259771,10.112510,2.619855,10.449593,-0.797217,0.124902,0.383229,0.893319
1756077399642,5495,0.187945,9.389461,2.461838,9.708652,-0.797217,0.124902,0.383229,0.893319
1756077399645,5498,-0.803255,8.106169,1.887229,8.361629,-0.797217,0.124902,0.383229,0.893319
1756077399694,5547,-0.803255,8.106169,1.887229,8.361629,-0.851678,0.323840,0.195210,0.931845
1756077399697,5550,-1.708263,7.636905,1.619079,7.991364,-0.851678,0.323840,0.195210,0.931845
1756077399700,5553,-1.329979,8.489241,2.255937,8.883991,-0.851678,0.323840,0.195210,0.931845
1756077399703,5556,-0.266953,9.341577,2.868852,9.775819,-0.851678,0.323840,0.195210,0.931845
1756077399706,5559,0.235829,9.346365,3.151368,9.866168,-0.851678,0.323840,0.195210,0.931845
1756077399709,5562,-0.401029,9.418191,3.352481,10.005113,-0.851678,0.323840,0.195210,0.931845
1756077399753,5606,-0.401029,9.418191,3.352481,10.005113,-1.013066,0.028496,0.464854,1.114990
1756077399816,5669,-0.372298,9.806051,3.850475,10.541509,-1.013066,0.028496,0.464854,1.114990
1756077399818,5671,0.355539,10.040684,4.137779,10.865678,-1.013066,0.028496,0.464854,1.114990
1756077399821,5674,0.973243,9.786898,4.065953,10.642488,-1.013066,0.028496,0.464854,1.114990
1756077399825,5678,0.714669,9.269751,3.840898,10.059400,-1.013066,0.028496,0.464854,1.114990
1756077399828,5681,0.298078,8.944139,3.654150,9.666399,-1.013066,0.028496,0.464854,1.114990
1756077399831,5684,0.379481,8.982447,3.462614,9.634212,-1.013066,0.028496,0.464854,1.114990
1756077399833,5686,0.379481,8.982447,3.462614,9.634212,-0.820519,0.038616,0.467518,0.945154
1756077399873,5726,0.379481,8.982447,3.462614,9.634212,-0.834634,0.000666,0.241149,0.868773
1756077399906,5759,0.494403,9.609727,3.783437,10.339520,-0.834634,0.000666,0.241149,0.868773
1756077399909,5762,0.671574,10.825981,4.769848,11.849234,-0.834634,0.000666,0.241149,0.868773
1756077399912,5765,0.843956,12.315175,5.866393,13.667128,-0.834634,0.000666,0.241149,0.868773
1756077399915,5768,1.255759,13.780426,7.039552,15.525217,-0.834634,0.000666,0.241149,0.868773
1756077399953,5806,1.255759,13.780426,7.039552,15.525217,-0.918257,-0.389088,0.235290,1.024669
1756077400016,5869,1.610101,14.671069,7.944560,16.761526,-0.918257,-0.389088,0.235290,1.024669
1756077400019,5872,2.208651,14.508264,8.519168,16.968916,-0.918257,-0.389088,0.235290,1.024669
1756077400022,5875,2.041057,13.315951,8.375516,15.862842,-0.918257,-0.389088,0.235290,1.024669
1756077400025,5878,1.116895,12.104486,6.943783,13.999362,-0.918257,-0.389088,0.235290,1.024669
1756077400028,5881,0.872687,10.979211,6.967725,13.032799,-0.918257,-0.389088,0.235290,1.024669
1756077400031,5884,0.140061,9.849147,7.092224,12.137749,-0.918257,-0.389088,0.235290,1.024669
1756077400034,5887,0.140061,9.849147,7.092224,12.137749,0.187753,-0.381231,-0.362589,0.558623
1756077400074,5927,0.140061,9.849147,7.092224,12.137749,0.467784,0.339420,-0.806937,0.992560
1756077400141,5994,0.140061,9.849147,7.092224,12.137749,1.099352,0.341284,-0.469648,1.243229
1756077400151,6004,-0.736217,9.011177,6.670845,11.235813,1.099352,0.341284,-0.469648,1.243229
1756077400160,6013,-1.080982,8.757391,5.626973,10.465335,1.099352,0.341284,-0.469648,1.243229
1756077400166,6019,-0.741005,8.953716,4.645350,10.114218,1.099352,0.341284,-0.469648,1.243229
1756077400173,6026,-0.195127,9.145252,3.960608,9.967956,1.099352,0.341284,-0.469648,1.243229
1756077400180,6033,-0.271742,9.207501,3.558382,9.874919,1.099352,0.341284,-0.469648,1.243229
1756077400185,6038,-0.688333,9.212290,3.347692,9.825840,1.099352,0.341284,-0.469648,1.243229
1756077400197,6050,-0.688333,9.212290,3.347692,9.825840,1.074318,0.189084,-0.479369,1.191515
1756077400261,6114,-0.688333,9.212290,3.347692,9.825840,1.095890,-0.090547,-0.325838,1.146884
1756077400271,6124,-0.999579,8.953716,3.074754,9.519575,1.095890,-0.090547,-0.325838,1.146884
1756077400281,6134,-1.353921,8.594585,2.696470,9.108839,1.095890,-0.090547,-0.325838,1.146884
1756077400291,6144,-0.922965,8.359954,2.399589,8.746355,1.095890,-0.090547,-0.325838,1.146884
1756077400301,6154,-1.516727,8.561067,2.088342,8.941672,1.095890,-0.090547,-0.325838,1.146884
1756077400305,6158,-0.046687,9.384672,1.896806,9.574556,1.095890,-0.090547,-0.325838,1.146884
1756077400312,6165,-1.109712,9.135675,1.470638,9.319592,1.095890,-0.090547,-0.325838,1.146884
1756077400318,6171,-1.109712,9.135675,1.470638,9.319592,0.576840,-0.113850,-0.394148,0.707855
1756077400378,6231,-0.228646,8.656835,1.561618,8.799529,0.576840,-0.113850,-0.394148,0.707855
1756077400381,6234,-1.578976,7.991247,1.815403,8.345591,0.576840,-0.113850,-0.394148,0.707855
1756077400383,6236,-1.555034,8.800487,2.385223,9.249648,0.576840,-0.113850,-0.394148,0.707855
1756077400386,6239,0.159214,10.701483,3.002928,11.115964,0.576840,-0.113850,-0.394148,0.707855
1756077400389,6242,-0.104148,10.548254,2.375647,10.812965,0.576840,-0.113850,-0.394148,0.707855
1756077400392,6245,-0.166397,9.873089,1.379659,9.970407,0.576840,-0.113850,-0.394148,0.707855
1756077400395,6248,-0.166397,9.873089,1.379659,9.970407,0.895487,-0.293347,-0.520781,1.076644
1756077400407,6260,-0.472855,9.245809,0.584784,9.276343,0.895487,-0.293347,-0.520781,1.076644
1756077400457,6310,-0.472855,9.245809,0.584784,9.276343,0.831039,-0.131826,-0.913863,1.242236
1756077400524,6377,-0.918176,8.154053,0.249596,8.209380,0.831039,-0.131826,-0.913863,1.242236
1756077400533,6386,-1.904588,7.253833,0.536900,7.518897,0.831039,-0.131826,-0.913863,1.242236
1756077400541,6394,-2.785654,6.803723,1.087566,7.431911,0.831039,-0.131826,-0.913863,1.242236
1756077400549,6402,-3.039439,6.181230,1.250372,7.000659,0.831039,-0.131826,-0.913863,1.242236
1756077400554,6407,-3.096900,5.118205,0.867300,6.044751,0.831039,-0.131826,-0.913863,1.242236
1756077400560,6413,-3.475184,4.112640,0.120309,5.385646,0.831039,-0.131826,-0.913863,1.242236
1756077400566,6419,-3.475184,4.112640,0.120309,5.385646,0.594550,-0.491885,-0.590422,0.971617
1756077400583,6436,-3.475184,4.112640,0.120309,5.385646,0.197074,-0.020639,0.123038,0.233243
1756077400644,6497,-3.475184,4.112640,0.120309,5.385646,-0.567386,-0.170842,0.953145,1.122318
1756077400653,6506,-3.728969,3.279458,-0.521337,4.993180,-0.567386,-0.170842,0.953145,1.122318
1756077400660,6513,-4.107253,2.666542,-0.521337,4.924608,-0.567386,-0.170842,0.953145,1.122318
1756077400666,6519,-4.169502,3.298611,0.139462,5.318368,-0.567386,-0.170842,0.953145,1.122318
1756077400673,6526,-3.547010,4.251503,0.326210,5.546438,-0.567386,-0.170842,0.953145,1.122318
1756077400676,6529,-2.589329,5.185242,0.484227,5.815998,-0.567386,-0.170842,0.953145,1.122318
1756077400679,6532,-2.167950,6.133346,0.996586,6.581119,-0.567386,-0.170842,0.953145,1.122318
1756077400759,6612,-1.890222,7.067085,1.700482,7.510544,-0.567386,-0.170842,0.953145,1.122318
1756077400762,6615,-1.741782,7.881114,2.150592,8.352892,-0.567386,-0.170842,0.953145,1.122318
1756077400765,6618,-1.315614,8.776545,2.480992,9.214873,-0.567386,-0.170842,0.953145,1.122318
1756077400768,6621,-0.961272,9.557055,2.543241,9.936267,-0.567386,-0.170842,0.953145,1.122318
1756077400771,6624,-0.324414,10.189124,2.581548,10.516078,-0.567386,-0.170842,0.953145,1.122318
1756077400774,6627,0.278924,10.366295,2.744354,10.727038,-0.567386,-0.170842,0.953145,1.122318
1756077400777,6630,0.278924,10.366295,2.744354,10.727038,-1.179913,0.113051,1.058606,1.589220
1756077400819,6672,0.278924,10.366295,2.744354,10.727038,-1.424258,0.276436,1.030776,1.779726
1756077400879,6732,0.666785,10.361506,3.093907,10.834098,-1.424258,0.276436,1.030776,1.779726
1756077400883,6736,0.676362,10.845135,3.323750,11.363174,-1.424258,0.276436,1.030776,1.779726
1756077400885,6738,0.896629,10.926538,3.663727,11.559242,-1.424258,0.276436,1.030776,1.779726
1756077400888,6741,1.236605,9.988011,4.094684,10.865357,-1.424258,0.276436,1.030776,1.779726
1756077400892,6745,0.714669,9.537901,4.678869,10.647729,-1.424258,0.276436,1.030776,1.779726
1756077400895,6748,-0.247800,10.011953,5.445013,11.399508,-1.424258,0.276436,1.030776,1.779726
1756077400897,6750,-0.247800,10.011953,5.445013,11.399508,-1.704156,0.160455,0.506400,1.785030
1756077400906,6759,-0.420182,9.925761,5.842451,11.525255,-1.704156,0.160455,0.506400,1.785030
1756077400961,6814,-0.420182,9.925761,5.842451,11.525255,-1.383245,0.300005,0.020906,1.415559
1756077401023,6876,-0.420182,9.925761,5.842451,11.525255,-0.358461,0.199870,0.033556,0.411787
1756077401033,6886,0.015562,9.083003,5.751471,10.750842,-0.358461,0.199870,0.033556,0.411787
1756077401044,6897,-0.118513,8.110957,5.282207,9.680051,-0.358461,0.199870,0.033556,0.411787
1756077401053,6906,-0.922965,8.426991,5.071518,9.878580,-0.358461,0.199870,0.033556,0.411787
1756077401059,6912,-1.066617,9.197925,4.693234,10.381037,-0.358461,0.199870,0.033556,0.411787
1756077401067,6920,0.034716,9.049484,4.381988,10.054660,-0.358461,0.199870,0.033556,0.411787
1756077401073,6926,0.226252,8.910620,4.669292,10.062436,-0.358461,0.199870,0.033556,0.411787
1756077401080,6933,0.226252,8.910620,4.669292,10.062436,-0.512259,0.287355,0.135555,0.602791
1756077401149,7002,-1.152808,9.973646,5.502474,11.449009,-0.512259,0.287355,0.135555,0.602791
1756077401154,7007,-1.468843,10.964846,5.842451,12.510777,-0.512259,0.287355,0.135555,0.602791
1756077401160,7013,-0.367510,11.046248,6.038775,12.594501,-0.512259,0.287355,0.135555,0.602791
1756077401166,7019,0.178368,10.945692,6.488885,12.725785,-0.512259,0.287355,0.135555,0.602791
1756077401173,7026,0.226252,11.098921,6.876746,13.058594,-0.512259,0.287355,0.135555,0.602791
1756077401180,7033,0.547075,10.691906,6.929418,12.752764,-0.512259,0.287355,0.135555,0.602791
1756077401185,7038,0.547075,10.691906,6.929418,12.752764,-0.550342,-0.225703,0.337023,0.683668
1756077401200,7053,0.547075,10.691906,6.929418,12.752764,-0.188685,-0.000932,0.074968,0.203035
1756077401276,7129,0.810437,9.571420,6.632537,11.673021,-0.188685,-0.000932,0.074968,0.203035
1756077401291,7144,0.714669,8.623316,5.966949,10.510795,-0.188685,-0.000932,0.074968,0.203035
1756077401298,7151,0.460884,8.192360,5.526416,9.892849,-0.188685,-0.000932,0.074968,0.203035
1756077401304,7157,0.207098,8.125322,5.579089,9.858499,-0.188685,-0.000932,0.074968,0.203035
1756077401310,7163,-0.128090,8.024766,5.435436,9.693154,-0.188685,-0.000932,0.074968,0.203035
1756077401317,7170,-0.386664,7.933786,5.306149,9.552470,-0.188685,-0.000932,0.074968,0.203035
1756077401323,7176,-0.386664,7.933786,5.306149,9.552470,0.061519,0.251136,-0.169776,0.309318
1756077401328,7181,-0.386664,7.933786,5.306149,9.552470,0.062717,0.221309,-0.188552,0.297427
1756077401387,7240,-0.774524,7.885902,5.358822,9.565788,0.062717,0.221309,-0.188552,0.297427
1756077401401,7254,-1.076194,7.919421,5.502474,9.703228,0.062717,0.221309,-0.188552,0.297427
1756077401408,7261,-0.956484,8.019978,5.516840,9.781126,0.062717,0.221309,-0.188552,0.297427
1756077401414,7267,-0.544681,7.986458,5.464167,9.692126,0.062717,0.221309,-0.188552,0.297427
1756077401420,7273,-0.559046,7.976882,5.368399,9.631349,0.062717,0.221309,-0.188552,0.297427
1756077401426,7279,-0.721852,8.144476,5.325303,9.757685,0.062717,0.221309,-0.188552,0.297427
1756077401433,7286,-0.721852,8.144476,5.325303,9.757685,0.107858,0.150202,-0.021172,0.186124
1756077401436,7289,-0.602142,8.192360,5.229535,9.737832,0.107858,0.150202,-0.021172,0.186124
1756077401463,7316,-0.602142,8.192360,5.229535,9.737832,0.140748,0.160189,-0.002131,0.213249
1756077401529,7382,-0.573411,8.177995,4.999691,9.602360,0.140748,0.160189,-0.002131,0.213249
1756077401539,7392,-0.650026,8.182783,4.913500,9.566763,0.140748,0.160189,-0.002131,0.213249
1756077401554,7407,-0.626084,8.278551,4.947019,9.664336,0.140748,0.160189,-0.002131,0.213249
1756077401565,7418,-0.492008,8.288128,5.028422,9.706707,0.140748,0.160189,-0.002131,0.213249
1756077401571,7424,-0.444124,8.359954,5.028422,9.765813,0.140748,0.160189,-0.002131,0.213249
1756077401578,7431,-0.482432,8.393473,5.033211,9.798793,0.140748,0.160189,-0.002131,0.213249
1756077401585,7438,-0.482432,8.393473,5.033211,9.798793,0.062185,0.041013,0.012117,0.075471
1756077401592,7445,-0.482432,8.393473,5.033211,9.798793,0.034488,0.086420,-0.034488,0.099233
1756077401639,7492,-0.482432,8.393473,5.033211,9.798793,-0.006658,0.029028,0.022903,0.037570
1756077401642,7495,-0.592565,8.288128,5.081095,9.739698,-0.006658,0.029028,0.022903,0.037570
1756077401644,7497,-0.654814,8.201937,5.061941,9.660424,-0.006658,0.029028,0.022903,0.037570
1756077401646,7499,-0.889446,8.230667,4.990115,9.666243,-0.006658,0.029028,0.022903,0.037570
1756077401649,7502,-0.879869,8.268974,5.014057,9.710349,-0.006658,0.029028,0.022903,0.037570
1756077401652,7505,-0.702698,8.245032,5.157709,9.750709,-0.006658,0.029028,0.022903,0.037570
1756077401653,7506,-0.616507,8.249821,5.282207,9.815362,-0.006658,0.029028,0.022903,0.037570
1756077401758,7611,-0.611719,8.264186,5.306149,9.840030,-0.006658,0.029028,0.022903,0.037570
1756077401760,7613,-0.721852,8.235456,5.258265,9.797610,-0.006658,0.029028,0.022903,0.037570
1756077401761,7614,-0.760159,8.235456,5.114614,9.724189,-0.006658,0.029028,0.022903,0.037570
1756077401763,7616,-0.702698,8.259398,4.990115,9.675364,-0.006658,0.029028,0.022903,0.037570
1756077401764,7617,-0.597353,8.268974,4.937442,9.649409,-0.006658,0.029028,0.022903,0.037570
1756077401765,7618,-0.597353,8.364742,5.028422,9.778076,-0.006658,0.029028,0.022903,0.037570
1756077401767,7620,-0.597353,8.364742,5.028422,9.778076,0.049535,0.053130,0.017044,0.074612
1756077401824,7677,-0.597353,8.364742,5.028422,9.778076,0.027963,0.008655,0.006392,0.029962
1756077401881,7734,-0.602142,8.379107,5.066730,9.810390,0.027963,0.008655,0.006392,0.029962
1756077401884,7737,-0.678756,8.345589,4.999691,9.752254,0.027963,0.008655,0.006392,0.029962
1756077401887,7740,-0.630872,8.336012,4.947019,9.713913,0.027963,0.008655,0.006392,0.029962
1756077401890,7743,-0.568623,8.302493,4.908712,9.661789,0.027963,0.008655,0.006392,0.029962
1756077401893,7746,-0.640449,8.355165,4.951807,9.733415,0.027963,0.008655,0.006392,0.029962
1756077401895,7748,-0.664391,8.321647,4.994903,9.728323,0.027963,0.008655,0.006392,0.029962
1756077401898,7751,-0.664391,8.321647,4.994903,9.728323,0.013449,-0.022371,-0.010386,0.028093
1756077401907,7760,-0.712275,8.173206,4.942231,9.577802,0.013449,-0.022371,-0.010386,0.028093
